title,Published_By,Product_Code,Published_Date,Content_Info,Price
Global Nano-Copper Particles Market Professional Survey Report 2022,Published byQYResearch,Product code1070481,"PublishedApril 20, 2022",Content info103 Pages,USD 3500
"Global Monocrystalline Diamond Market Report, History and Forecast 2017-2028",Published byQYResearch,Product code1070480,"PublishedApril 20, 2022",Content info96 Pages,USD 3350
"Global Industrial Inkjet Printheads Market Report, History and Forecast 2017-2028",Published byQYResearch,Product code1070478,"PublishedApril 20, 2022",Content info102 Pages,USD 3350
Global Float Glass Market Research Report 2022,Published byQYResearch,Product code1070476,"PublishedApril 20, 2022",Content info151 Pages,USD 2900
Global Electrostatic Chucks (ESCs) In Semiconductor Market Research Report 2022,Published byQYResearch,Product code1070474,"PublishedApril 20, 2022",Content info135 Pages,USD 2900
Global Anti-Caking Agents for Fertilizer Market Research Report 2022,Published byQYResearch,Product code1070472,"PublishedApril 20, 2022",Content info138 Pages,USD 2900
"Global Acetaldehyde Market Insights, Forecast to 2028",Published byQYResearch,Product code1070471,"PublishedApril 20, 2022",Content info171 Pages,USD 4900
"Global Synthetic Fibres (Polyester, Nylon, Acrylic & Polyolefin) Market: Insights & Forecast with Potential Impact of COVID-19 (2022-2026)",Published byKoncept Analytics,Product code1070417,"PublishedApril 18, 2022",Content info105 Pages,USD 1400
Global Helium Market: Insights & Forecast with Potential Impact of COVID-19 (2022-2026),Published byKoncept Analytics,Product code1070416,"PublishedApril 18, 2022",Content info87 Pages,USD 1300
Global Petrochemical Market (By Type & Region): Insights & Forecast with Potential Impact of COVID-19 (2022-2026),Published byKoncept Analytics,Product code1070414,"PublishedApril 18, 2022",Content info104 Pages,USD 1400
"Global Surfactants Market (Non-ionic, Anionic & Cationic): Insights & Forecast with Potential Impact of COVID-19 (2022-2026)",Published byKoncept Analytics,Product code1070412,"PublishedApril 18, 2022",Content info116 Pages,USD 1600
Re-Refined Base Oil Market - Global Outlook & Forecast 2022-2027,Published byArizton Advisory & Intelligence,Product code1069856,"PublishedApril 14, 2022",Content info294 Pages,USD 3750
Poly Alpha Olefin (PAO) Market - Global Outlook & Forecast 2022-2027,Published byArizton Advisory & Intelligence,Product code1069854,"PublishedApril 14, 2022",Content info222 Pages,USD 3750
Medical Device Packaging Market - Global Outlook & Forecast 2022-2027,Published byArizton Advisory & Intelligence,Product code1069849,"PublishedApril 14, 2022",Content info299 Pages,USD 3750
Group II & III Base Oil Market - Global Outlook & Forecast 2022-2027,Published byArizton Advisory & Intelligence,Product code1069847,"PublishedApril 14, 2022",Content info259 Pages,USD 3750
Garden Pesticides Market - Global Outlook & Forecast 2022-2027,Published byArizton Advisory & Intelligence,Product code1069845,"PublishedApril 14, 2022",Content info287 Pages,USD 3500
Data Center Fire Detection and Suppression Market - Global Outlook & Forecast 2022-2027,Published byArizton Advisory & Intelligence,Product code1069840,"PublishedApril 14, 2022",Content info379 Pages,USD 3750
Base Oil Market - Global Outlook & Forecast 2022-2027,Published byArizton Advisory & Intelligence,Product code1069836,"PublishedApril 14, 2022",Content info268 Pages,USD 3750
Vietnam Short Fiber Thermoplastic (SFT) Market Research Report 2022,Published byQYResearch,Product code1069722,"PublishedApril 14, 2022",Content info80 Pages,USD 3400
Global Zinc Aluminum Magnesium Coated Steel Market Research Report 2022,Published byQYResearch,Product code1069718,"PublishedApril 14, 2022",Content info141 Pages,USD 2900
Global Polybutene-1(Resin) Market Research Report 2022,Published byQYResearch,Product code1069714,"PublishedApril 14, 2022",Content info107 Pages,USD 2900
"Global Paint Grade Zinc Dust Market Report, History and Forecast 2017-2029",Published byQYResearch,Product code1069713,"PublishedApril 14, 2022",Content info136 Pages,USD 3350
"Global Organoclay Market Report, History and Forecast 2017-2028",Published byQYResearch,Product code1069711,"PublishedApril 14, 2022",Content info149 Pages,USD 3350
"Global CPP Packaging Films Market Report, History and Forecast 2017-2028",Published byQYResearch,Product code1069701,"PublishedApril 14, 2022",Content info133 Pages,USD 3350
Africa and GCC Cocamidopropyl Betaine (CAPB) Market Report & Forecast 2022-2028,Published byQYResearch,Product code1069695,"PublishedApril 14, 2022",Content info109 Pages,USD 3900
